Frame,Leader_X,Leader_Y,Leader_Dir_X,Leader_Dir_Y,Leader_speed,Follower1_X,Follower1_Y,Follower1_target_x,Follower1_target_y,Follower1_speed
0,-0.90406775,0.24909881,-0.9640743593666147,0.2656325085750077,0.8740965861562491,-1.7399385,2.2478108,1.5684159,-4.1040635,2.215846
0,-1.8081355,0.49819762,-0.9640743593666147,0.2656325085750077,0.8740965861562491,-1.4535367,1.8115628,0.6643481,-3.8549647,0.5218605
1,-2.7122033,0.74729645,-0.9640743593666147,0.26563250857500775,0.8740965861562491,-1.2283094,1.3773358,-0.23971963,-3.605866,0.489163
2,-3.616271,0.9963953,-0.9640743593666147,0.26563250857500775,0.8740965861562491,-1.1088575,0.9661455,-1.1437874,-3.356767,0.42818943
3,-4.5203385,1.2454941,-0.9640743593666147,0.26563250857500775,0.8740965861562491,-1.1131963,0.54983073,-2.047855,-3.1076682,0.4163374
4,-5.424406,1.4945929,-0.9640743593666147,0.26563250857500775,0.8740965861562491,-1.5471056,0.06575462,-2.9519224,-2.8585694,0.65008223
5,-6.3284736,1.7436917,-0.9640743593666147,0.26563250857500775,0.8740965861562491,-2.7646632,-0.38844752,-3.85599,-2.6094706,1.2995176
6,-7.232541,1.9927905,-0.9640743593666147,0.26563250857500775,0.8740965861562491,-4.2905207,-0.5688812,-4.7600574,-2.3603718,1.5364885
7,-8.136609,2.2418892,-0.9640743593666148,0.26563250857500753,0.8740965861562491,-5.7913837,-0.42465946,-5.6641254,-2.111273,1.5077765
8,-9.040677,2.490988,-0.9640743593666148,0.26563250857500753,0.8740965861562491,-7.153604,-0.032093406,-6.5681934,-1.8621743,1.4176574
9,-9.944745,2.7400868,-0.9640743593666148,0.26563250857500753,0.8740965861562491,-8.212133,0.4338211,-7.4722614,-1.6130755,1.1565297
10,-10.848813,2.9891856,-0.9640743593666148,0.26563250857500753,0.8740965861562491,-8.983516,0.8411202,-8.376329,-1.3639767,0.87230915
11,-11.752881,3.2382843,-0.9640743593666148,0.26563250857500753,0.8740965861562491,-9.670537,1.2076696,-9.280397,-1.1148779,0.7786891
12,-12.656949,3.4873831,-0.9640743593666148,0.26563250857500753,0.8740965861562491,-10.350621,1.5445813,-10.184465,-0.86577916,0.7589625
13,-13.561017,3.736482,-0.9640743593666148,0.26563250857500753,0.8740965861562491,-11.048562,1.8525794,-11.088533,-0.6166804,0.7628789
14,-14.465085,3.9855807,-0.9640743593666148,0.26563250857500753,0.8740965861562491,-11.776643,2.1323361,-11.992601,-0.3675816,0.77997786
15,-15.369153,4.2346797,-0.9640743593666148,0.26563250857500753,0.8740965861562491,-12.54195,2.3871179,-12.896669,-0.11848259,0.8066035
16,-16.27322,4.4837785,-0.9640743593666146,0.26563250857500803,0.8740965861562489,-13.347202,2.6228986,-13.800736,0.13061619,0.839061
17,-17.177288,4.7328773,-0.9640743593666146,0.26563250857500803,0.8740965861562489,-14.190864,2.8471954,-14.704804,0.37971497,0.8729682
18,-18.081356,4.981976,-0.9640743593666146,0.26563250857500803,0.8740965861562489,-15.067898,3.0674312,-15.608872,0.62881374,0.9042637
19,-18.985424,5.231075,-0.9640743593666146,0.26563250857500803,0.8740965861562489,-15.971083,3.2895682,-16.51294,0.8779125,0.930101
20,-19.889492,5.4801736,-0.9640743593666146,0.26563250857500803,0.8740965861562489,-16.892412,3.517392,-17.417007,1.1270113,0.9490794
21,-20.79356,5.7292724,-0.9640743593666146,0.26563250857500803,0.8740965861562489,-17.824224,3.752434,-18.321075,1.3761101,0.96099895
22,-21.697628,5.978371,-0.9640743593666146,0.26563250857500803,0.8740965861562489,-18.760004,3.9943533,-19.225143,1.6252089,0.96654457
23,-22.601696,6.22747,-0.9640743593666146,0.26563250857500803,0.8740965861562489,-19.69489,4.2415705,-20.129211,1.8743076,0.9670193
24,-23.505764,6.4765687,-0.9640743593666146,0.26563250857500803,0.8740965861562489,-20.625898,4.491989,-21.03328,2.1234064,0.96409947
25,-24.409832,6.7256675,-0.9640743593666146,0.26563250857500803,0.8740965861562489,-21.55184,4.7436237,-21.937347,2.3725052,0.95952463
26,-25.3139,6.9747663,-0.9640743593666146,0.26563250857500803,0.8740965861562489,-22.472897,4.9950113,-22.841415,2.621604,0.95474666
27,-26.217968,7.223865,-0.9640743593666146,0.26563250857500803,0.8740965861562489,-23.390026,5.2453604,-23.745483,2.8707027,0.9506846
28,-27.122036,7.472964,-0.9640743593666146,0.26563250857500803,0.8740965861562489,-24.304382,5.4944806,-24.649551,3.1198015,0.9476857
29,-28.026104,7.7220626,-0.9640743593666146,0.26563250857500803,0.8740965861562489,-25.216904,5.7425976,-25.55362,3.3689003,0.94565177
30,-28.930172,7.9711614,-0.9640743593666146,0.26563250857500803,0.8740965861562489,-26.128122,5.990135,-26.457687,3.617999,0.9442427
31,-29.83424,8.220261,-0.9640743593666148,0.26563250857500714,0.8740965861562491,-27.03818,6.2375417,-27.361755,3.8670983,0.9430874
32,-30.738308,8.469359,-0.9640743593666148,0.26563250857500714,0.8740965861562491,-27.946938,6.4851713,-28.265823,4.116197,0.9418927
33,-31.642376,8.718458,-0.9640743593666148,0.26563250857500714,0.8740965861562491,-28.854153,6.7332373,-29.169891,4.365296,0.94051903
34,-32.546444,8.967557,-0.9640743593666151,0.26563250857500614,0.8740965861562493,-29.759605,6.981811,-30.07396,4.6143947,0.93895346
35,-33.450512,9.216656,-0.9640743593666151,0.26563250857500614,0.8740965861562493,-30.663195,7.230855,-30.978027,4.8634934,0.93728137
36,-34.35458,9.4657545,-0.9640743593666151,0.26563250857500614,0.8740965861562493,-31.56497,7.4802675,-31.882095,5.112592,0.93563104
37,-35.258648,9.714853,-0.9640743593666151,0.26563250857500614,0.8740965861562493,-32.46512,7.7299223,-32.786163,5.361691,0.93412775
38,-36.162716,9.963952,-0.9640743593666151,0.26563250857500614,0.8740965861562493,-33.363922,7.979699,-33.69023,5.61079,0.9328647
39,-37.066784,10.213051,-0.9640743593666151,0.26563250857500614,0.8740965861562493,-34.26172,8.229502,-34.5943,5.8598886,0.93190134
40,-37.97085,10.46215,-0.9640743593666151,0.26563250857500614,0.8740965861562493,-35.15885,8.479269,-35.498367,6.1089873,0.9312525
41,-38.87492,10.711248,-0.9640743593666151,0.26563250857500614,0.8740965861562493,-36.05563,8.7289715,-36.402435,6.358086,0.93089324
42,-39.778988,10.960347,-0.9640743593666151,0.26563250857500614,0.8740965861562493,-36.95232,8.978607,-37.306503,6.607185,0.93079084
43,-40.683056,11.209446,-0.9640743593666151,0.26563250857500614,0.8740965861562493,-37.849125,9.228194,-38.21057,6.8562837,0.93088806
44,-41.587124,11.458545,-0.9640743593666151,0.26563250857500614,0.8740965861562493,-38.746178,9.477766,-39.11464,7.1053824,0.93112284
45,-42.49119,11.7076435,-0.9640743593666151,0.26563250857500614,0.8740965861562493,-39.643562,9.727358,-40.018707,7.354481,0.931448
46,-43.39526,11.956742,-0.9640743593666151,0.26563250857500614,0.8740965861562493,-40.54131,9.977007,-40.922775,7.60358,0.9318124
47,-44.299328,12.205841,-0.9640743593666151,0.26563250857500614,0.8740965861562493,-41.439415,10.226744,-41.826843,7.852679,0.9321814
48,-45.203396,12.45494,-0.9640743593666151,0.26563250857500614,0.8740965861562493,-42.33785,10.47659,-42.73091,8.101778,0.9325268
49,-46.107464,12.704039,-0.9640743593666151,0.26563250857500614,0.8740965861562493,-43.23657,10.726561,-43.63498,8.350876,0.9328357
50,-47.01153,12.953137,-0.9640743593666151,0.26563250857500614,0.8740965861562493,-44.135517,10.97666,-44.539047,8.599976,0.9330907
51,-47.9156,13.202236,-0.9640743593666151,0.26563250857500614,0.8740965861562493,-45.03465,11.226887,-45.443115,8.849073,0.9333014
52,-48.819668,13.451335,-0.9640743593666151,0.26563250857500614,0.8740965861562493,-45.933914,11.477231,-46.347183,9.098173,0.9334614
53,-49.723736,13.700434,-0.9640743593666151,0.26563250857500614,0.8740965861562493,-46.833282,11.727682,-47.25125,9.347271,0.93358934
54,-50.627804,13.9495325,-0.9640743593666151,0.26563250857500614,0.8740965861562493,-47.732716,11.978226,-48.15532,9.596371,0.93367666
55,-51.53187,14.198631,-0.9640743593666151,0.26563250857500614,0.8740965861562493,-48.6322,12.228847,-49.059387,9.8454685,0.9337451
56,-52.43594,14.44773,-0.9640743593666151,0.26563250857500614,0.8740965861562493,-49.531715,12.479529,-49.963455,10.094568,0.93379486
57,-53.340008,14.696829,-0.9640743593666151,0.26563250857500614,0.8740965861562493,-50.431263,12.730263,-50.867523,10.343666,0.93383783
58,-54.244076,14.945928,-0.9640743593666151,0.26563250857500614,0.8740965861562493,-51.33083,12.981036,-51.77159,10.592766,0.9338669
59,-55.148144,15.195026,-0.9640743593666151,0.26563250857500614,0.8740965861562493,-52.230423,13.23184,-52.67566,10.841864,0.93390083
60,-56.05221,15.444125,-0.9640743593666151,0.26563250857500614,0.8740965861562493,-53.13004,13.482667,-53.579727,11.090963,0.9339291
61,-56.95628,15.693224,-0.9640743593666151,0.26563250857500614,0.8740965861562493,-54.029682,13.733512,-54.483795,11.340061,0.93395966
62,-57.860348,15.942323,-0.9640743593666151,0.26563250857500614,0.8740965861562493,-54.92935,13.984372,-55.387863,11.589161,0.93398947
63,-58.764416,16.191422,-0.9640743593666151,0.26563250857500614,0.8740965861562493,-55.829044,14.235247,-56.29193,11.838259,0.93401533
64,-59.668484,16.440521,-0.9640743593666151,0.26563250857500614,0.8740965861562493,-56.728764,14.486131,-57.196,12.087358,0.93404365
65,-60.57255,16.689621,-0.9640743593666151,0.26563250857500614,0.8740965861562493,-57.628506,14.737025,-58.100067,12.336458,0.9340685
66,-61.47662,16.93872,-0.9640743593666151,0.26563250857500614,0.8740965861562493,-58.52827,14.987927,-59.004135,12.585558,0.93409264
67,-62.380688,17.18782,-0.9640743593666151,0.26563250857500614,0.8740965861562493,-59.42806,15.238837,-59.908203,12.834658,0.9341167
68,-63.284756,17.43692,-0.9640743593666151,0.26563250857500614,0.8740965861562493,-60.327866,15.489755,-60.81227,13.083757,0.9341371
69,-64.18882,17.68602,-0.9640743593666151,0.26563250857500614,0.8740965861562493,-61.227688,15.740678,-61.716335,13.332857,0.9341533
70,-65.09289,17.93512,-0.9640743593666151,0.26563250857500614,0.8740965861562493,-62.127525,15.991608,-62.620403,13.581957,0.9341698
71,-65.996956,18.18422,-0.9640743593666151,0.26563250857500614,0.8740965861562493,-63.027374,16.242542,-63.52447,13.831057,0.93418217
72,-66.901024,18.43332,-0.9640743593666151,0.26563250857500614,0.8740965861562493,-63.92723,16.493479,-64.42854,14.080156,0.93419003
73,-67.80509,18.682419,-0.9640743593666151,0.26563250857500614,0.8740965861562493,-64.8271,16.744417,-65.33261,14.329256,0.93420523
74,-68.70916,18.931519,-0.9640743593666151,0.26563250857500614,0.8740965861562493,-65.72698,16.995358,-66.23668,14.578356,0.9342131
75,-69.61323,19.180618,-0.9640743593666151,0.26563250857500614,0.8740965861562493,-66.62687,17.246298,-67.14075,14.8274555,0.93422043
76,-70.517296,19.429718,-0.9640743593666151,0.26563250857500614,0.8740965861562493,-67.526764,17.49724,-68.044815,15.076555,0.9342283
77,-71.421364,19.678818,-0.9640743593666151,0.26563250857500614,0.8740965861562493,-68.42667,17.748182,-68.94888,15.325655,0.93423563
78,-72.32543,19.927917,-0.9640743593666151,0.26563250857500614,0.8740965861562493,-69.326584,17.999123,-69.85295,15.574755,0.9342498
79,-73.2295,20.177017,-0.9640743593666151,0.26563250857500614,0.8740965861562493,-70.22651,18.250063,-70.75702,15.823854,0.93425715
80,-74.13357,20.426117,-0.9640743593666151,0.26563250857500614,0.8740965861562493,-71.12644,18.501001,-71.66109,16.072954,0.93426406
81,-75.037636,20.675217,-0.9640743593666151,0.26563250857500614,0.8740965861562493,-72.02639,18.75194,-72.565155,16.322054,0.9342787
82,-75.9417,20.924316,-0.9640743593666151,0.26563250857500614,0.8740965861562493,-72.926346,19.002878,-73.46922,16.571154,0.93428606
83,-76.84577,21.173416,-0.9640743593666151,0.26563250857500614,0.8740965861562493,-73.82631,19.253817,-74.37329,16.820253,0.9342934
84,-77.74984,21.422516,-0.9640743593666151,0.26563250857500614,0.8740965861562493,-74.72628,19.504753,-75.27736,17.069353,0.93430024
85,-78.65391,21.671616,-0.9640743593666151,0.26563250857500614,0.8740965861562493,-75.62627,19.755688,-76.18143,17.318453,0.9343144
86,-79.557976,21.920715,-0.9640743593666151,0.26563250857500614,0.8740965861562493,-76.52626,20.006624,-77.085495,17.567553,0.9343223
87,-80.46204,22.169815,-0.9640743593666151,0.26563250857500614,0.8740965861562493,-77.42626,20.257559,-77.98956,17.816652,0.93432915
88,-81.36611,22.418915,-0.9640743593666151,0.26563250857500614,0.8740965861562493,-78.32626,20.508493,-78.89363,18.065752,0.93432915
89,-82.27018,22.668015,-0.9640743593666151,0.26563250857500614,0.8740965861562493,-79.22628,20.759424,-79.7977,18.314852,0.9343428
90,-83.17425,22.917114,-0.9640743593666151,0.26563250857500614,0.8740965861562493,-80.126305,21.010353,-80.70177,18.563951,0.9343496
91,-84.078316,23.166214,-0.9640743593666151,0.26563250857500614,0.8740965861562493,-81.02634,21.261282,-81.605835,18.813051,0.934357
92,-84.98238,23.415314,-0.9640743593666151,0.26563250857500614,0.8740965861562493,-81.92638,21.512209,-82.5099,19.062151,0.9343638
93,-85.88645,23.664413,-0.9640743593666151,0.26563250857500614,0.8740965861562493,-82.82642,21.763136,-83.41397,19.31125,0.9343712
94,-86.79052,23.913513,-0.9640743593666151,0.26563250857500614,0.8740965861562493,-83.72648,22.014061,-84.31804,19.56035,0.934378
95,-87.69459,24.162613,-0.9640743593666151,0.26563250857500614,0.8740965861562493,-84.62655,22.264982,-85.22211,19.80945,0.9343917
96,-88.598656,24.411713,-0.9640743593666151,0.26563250857500614,0.8740965861562493,-85.52663,22.515905,-86.126175,20.05855,0.93439955
97,-89.50272,24.660812,-0.9640743593666151,0.26563250857500614,0.8740965861562493,-86.42671,22.766827,-87.03024,20.30765,0.9344064
98,-90.40679,24.909912,-0.9640743593666151,0.26563250857500614,0.8740965861562493,-87.326805,23.017746,-87.93431,20.55675,0.9344132
99,-90.95894,25.557959,-0.6485395286504468,0.7611809770204826,0.6095524187052979,-88.226906,23.268663,-91.35769,20.567547,0.93442005
0,-91.511086,26.206005,-0.6485395286504468,0.7611809770204826,0.6095524187052979,-88.54704,23.49301,-91.909836,21.215595,0.3909206
0,-92.06323,26.854052,-0.6485395286504468,0.7611809770204826,0.6095524187052979,-89.10085,23.820356,-92.46198,21.86364,0.64332074
1,-92.61538,27.502098,-0.6485395286504468,0.7611809770204826,0.6095524187052979,-89.83128,24.229326,-93.01413,22.511688,0.8371292
2,-93.16753,28.150145,-0.6485395286504468,0.7611809770204826,0.6095524187052979,-90.67833,24.698257,-93.56628,23.159733,0.9681855
3,-93.71967,28.798191,-0.6485395286504468,0.7611809770204826,0.6095524187052979,-91.60022,25.215696,-94.11842,23.807781,1.0571777
4,-94.27182,29.446238,-0.6485395286504468,0.7611809770204826,0.6095524187052979,-92.56527,25.778383,-94.67057,24.455826,1.1171112
5,-94.82397,30.094284,-0.6485395286504468,0.7611809770204826,0.6095524187052979,-93.54314,26.389423,-95.22272,25.103874,1.1530802
6,-95.376114,30.74233,-0.6485395286504468,0.7611809770204826,0.6095524187052979,-94.49998,27.054495,-95.774864,25.751919,1.1652741
7,-95.92826,31.390377,-0.6485395286504468,0.7611809770204826,0.6095524187052979,-95.40097,27.772772,-96.32701,26.399967,1.1522634
8,-96.48041,32.038425,-0.6485395286504468,0.7611809770204826,0.6095524187052979,-96.21819,28.52813,-96.87916,27.048016,1.1128423
9,-97.032555,32.686474,-0.6485395286504468,0.7611809770204826,0.6095524187052979,-96.93514,29.292332,-97.431305,27.696064,1.0478652
10,-97.5847,33.334522,-0.6485395286504468,0.7611809770204826,0.6095524187052979,-97.55297,30.038181,-97.98345,28.344112,0.9685058
11,-98.13685,33.98257,-0.6485395286504468,0.7611809770204826,0.6095524187052979,-98.096275,30.751602,-98.5356,28.99216,0.8967436
12,-98.688995,34.63062,-0.6485395286504468,0.7611809770204826,0.6095524187052979,-98.60044,31.433691,-99.087746,29.64021,0.84819114
13,-99.24114,35.278667,-0.6485395286504468,0.7611809770204826,0.6095524187052979,-99.0938,32.09327,-99.63989,30.288258,0.8236808
14,-99.79329,35.926716,-0.6485395286504468,0.7611809770204826,0.6095524187052979,-99.592224,32.73959,-100.19204,30.936306,0.8161821
15,-100.345436,36.574764,-0.6485395286504468,0.7611809770204826,0.6095524187052979,-100.10197,33.37944,-100.74419,31.584354,0.8180748
16,-100.89758,37.222813,-0.6485395286504468,0.7611809770204826,0.6095524187052979,-100.62375,34.016956,-101.29633,32.232403,0.8238222
17,-101.44973,37.87086,-0.6485395286504468,0.7611809770204826,0.6095524187052979,-101.155655,34.654205,-101.84848,32.88045,0.8300665
18,-102.00188,38.51891,-0.6485395286504468,0.7611809770204826,0.6095524187052979,-101.694855,35.291748,-102.40063,33.5285,0.83498335
19,-102.55402,39.166958,-0.6485395286504468,0.7611809770204826,0.6095524187052979,-102.23852,35.929005,-102.952774,34.176548,0.83765477
20,-103.10617,39.815006,-0.6485395286504468,0.7611809770204826,0.6095524187052979,-102.78426,36.56449,-103.50492,34.824596,0.8376644
21,-103.65832,40.463055,-0.6485395286504468,0.7611809770204826,0.6095524187052979,-103.33045,37.196167,-104.05707,35.472645,0.83506644
22,-104.210464,41.111103,-0.6485395286504468,0.7611809770204826,0.6095524187052979,-103.87659,37.82228,-104.609215,36.120693,0.8308321
23,-104.76261,41.75915,-0.6485395286504468,0.7611809770204826,0.6095524187052979,-104.423706,38.442917,-105.16136,36.76874,0.8273623
24,-105.31476,42.4072,-0.6485395286504468,0.7611809770204826,0.6095524187052979,-104.97408,39.061073,-105.71351,37.41679,0.8276667
25,-105.866905,43.05525,-0.6485395286504468,0.7611809770204826,0.6095524187052979,-105.529915,39.68178,-106.265656,38.06484,0.8332035
26,-106.41905,43.703297,-0.6485395286504468,0.7611809770204826,0.6095524187052979,-106.09209,40.310093,-106.8178,38.712887,0.8430968
27,-106.9712,44.351345,-0.6485395286504468,0.7611809770204826,0.6095524187052979,-106.66,40.94984,-107.36995,39.360935,0.85545695
28,-107.523346,44.999393,-0.6485395286504468,0.7611809770204826,0.6095524187052979,-107.23222,41.60357,-107.9221,40.008984,0.86879027
29,-108.07549,45.64744,-0.6485395286504468,0.7611809770204826,0.6095524187052979,-107.80674,42.2726,-108.47424,40.657032,0.8818555
30,-108.62764,46.29549,-0.6485395286504468,0.7611809770204826,0.6095524187052979,-108.38041,42.95613,-109.02639,41.30508,0.892364
31,-109.17979,46.94354,-0.6485395286504468,0.7611809770204826,0.6095524187052979,-108.94832,43.649883,-109.57854,41.95313,0.89655626
32,-109.73193,47.591587,-0.6485395286504468,0.7611809770204826,0.6095524187052979,-109.50523,44.34658,-110.130684,42.601177,0.8919314
33,-110.28408,48.239635,-0.6485395286504468,0.7611809770204826,0.6095524187052979,-110.0488,45.03916,-110.68283,43.249226,0.88041484
34,-110.83623,48.887684,-0.6485395286504468,0.7611809770204826,0.6095524187052979,-110.581215,45.72373,-111.23498,43.897274,0.86723673
35,-111.388374,49.535732,-0.6485395286504468,0.7611809770204826,0.6095524187052979,-111.10781,46.399918,-111.787125,44.545322,0.85705054
36,-111.94052,50.18378,-0.6485395286504468,0.7611809770204826,0.6095524187052979,-111.6345,47.06956,-112.33927,45.19337,0.85195196
37,-112.49267,50.83183,-0.6485395286504468,0.7611809770204826,0.6095524187052979,-112.165855,47.735012,-112.89142,45.84142,0.85156626
38,-113.044815,51.479877,-0.6485395286504468,0.7611809770204826,0.6095524187052979,-112.70425,48.39795,-113.443565,46.489468,0.8540203
39,-113.59696,52.127926,-0.6485395286504468,0.7611809770204826,0.6095524187052979,-113.24974,49.05905,-113.99571,47.137516,0.8570998
40,-114.14911,52.775974,-0.6485395286504468,0.7611809770204826,0.6095524187052979,-113.80071,49.71831,-114.54786,47.785564,0.85918194
41,-114.701256,53.424023,-0.6485395286504468,0.7611809770204826,0.6095524187052979,-114.35483,50.375534,-115.100006,48.433613,0.8596427
42,-115.2534,54.07207,-0.6485395286504468,0.7611809770204826,0.6095524187052979,-114.909935,51.030663,-115.65215,49.08166,0.8586834
43,-115.80555,54.72012,-0.6485395286504468,0.7611809770204826,0.6095524187052979,-115.46454,51.683804,-116.2043,49.72971,0.85684204
44,-116.3577,55.368168,-0.6485395286504468,0.7611809770204826,0.6095524187052979,-116.017845,52.335194,-116.75645,50.377758,0.8546679
45,-116.90984,56.016216,-0.6485395286504468,0.7611809770204826,0.6095524187052979,-116.56961,52.98511,-117.30859,51.025806,0.85254794
46,-117.46199,56.664265,-0.6485395286504468,0.7611809770204826,0.6095524187052979,-117.11991,53.633842,-117.86074,51.673855,0.8506956
47,-118.01414,57.312313,-0.6485395286504468,0.7611809770204826,0.6095524187052979,-117.66899,54.281654,-118.41289,52.321903,0.8492049
48,-118.566284,57.96036,-0.6485395286504468,0.7611809770204826,0.6095524187052979,-118.21713,54.928764,-118.965034,52.96995,0.84806275
49,-119.11843,58.60841,-0.6485395286504468,0.7611809770204826,0.6095524187052979,-118.764595,55.575356,-119.51718,53.618,0.847228
50,-119.67058,59.25646,-0.6485395286504468,0.7611809770204826,0.6095524187052979,-119.31159,56.221573,-120.06933,54.26605,0.84664196
51,-120.222725,59.904507,-0.6485395286504468,0.7611809770204826,0.6095524187052979,-119.858284,56.867516,-120.621475,54.914097,0.84623516
52,-120.77487,60.552555,-0.6485395286504468,0.7611809770204826,0.6095524187052979,-120.40481,57.51327,-121.17362,55.562145,0.8459841
53,-121.32702,61.200603,-0.6485395286504468,0.7611809770204826,0.6095524187052979,-120.95123,58.158882,-121.72577,56.210194,0.84580934
54,-121.879166,61.84865,-0.6485395286504468,0.7611809770204826,0.6095524187052979,-121.49763,58.804375,-122.277916,56.858242,0.84569937
55,-122.43131,62.4967,-0.6485395286504468,0.7611809770204826,0.6095524187052979,-122.04404,59.44975,-122.83006,57.50629,0.84561896
56,-122.98346,63.14475,-0.6485395286504468,0.7611809770204826,0.6095524187052979,-122.590515,60.094982,-123.38221,58.15434,0.84555566
57,-123.53561,63.792797,-0.6485395286504468,0.7611809770204826,0.6095524187052979,-123.13712,60.740005,-123.93436,58.802387,0.84547937
58,-124.08775,64.44084,-0.6485395286504468,0.7611809770204826,0.6095524187052979,-123.683945,61.384697,-124.4865,59.45043,0.8453644
59,-124.6399,65.08889,-0.6485395286504468,0.7611809770204826,0.6095524187052979,-124.23114,62.028847,-125.03865,60.09848,0.8451933
60,-125.19205,65.73694,-0.6485395286504468,0.7611809770204826,0.6095524187052979,-124.77896,62.672104,-125.5908,60.74653,0.8449187
61,-125.744194,66.38499,-0.6485395286504468,0.7611809770204826,0.6095524187052979,-125.327835,63.313873,-126.142944,61.394577,0.84447056
62,-126.29634,67.033035,-0.6485395286504468,0.7611809770204826,0.6095524187052979,-125.878456,63.953228,-126.69509,62.042625,0.843776
63,-126.84849,67.68108,-0.6485395286504468,0.7611809770204826,0.6095524187052979,-126.43196,64.58876,-127.24724,62.690674,0.8427746
64,-127.400635,68.32913,-0.6485395286504468,0.7611809770204826,0.6095524187052979,-126.99011,65.218544,-127.799385,63.338722,0.8415226
65,-127.95278,68.97718,-0.6485395286504468,0.7611809770204826,0.6095524187052979,-127.55548,65.84036,-128.35153,63.98677,0.84041655
66,-128.50493,69.62523,-0.6485395286504564,0.7611809770204743,0.6095524187052965,-128.13144,66.45246,-128.90369,64.63482,0.84047174
67,-129.05708,70.27328,-0.6485395286504564,0.7611809770204743,0.6095524187052965,-128.72163,67.054955,-129.45584,65.28287,0.84340256
68,-129.60924,70.921326,-0.6485395286504564,0.7611809770204743,0.6095524187052965,-129.32861,67.65105,-130.008,65.930916,0.8507349
69,-130.16139,71.569374,-0.6485395286504564,0.7611809770204743,0.6095524187052965,-129.95198,68.24672,-130.56015,66.578964,0.8622138
70,-130.71355,72.21742,-0.6485395286504564,0.7611809770204743,0.6095524187052965,-130.58719,68.84848,-131.1123,67.22701,0.87498885
71,-131.2657,72.86547,-0.6485395286504564,0.7611809770204743,0.6095524187052965,-131.22641,69.4607,-131.66446,67.87506,0.885109
72,-131.81786,73.51352,-0.6485395286504564,0.7611809770204743,0.6095524187052965,-131.86107,70.08452,-132.21661,68.52311,0.8899101
73,-132.37001,74.16157,-0.6485395286504564,0.7611809770204743,0.6095524187052965,-132.48447,70.7184,-132.76877,69.17116,0.88906103
74,-132.92216,74.809616,-0.6485395286504564,0.7611809770204743,0.6095524187052965,-133.09305,71.359566,-133.32092,69.81921,0.8840058
75,-133.47432,75.457664,-0.6485395286504564,0.7611809770204743,0.6095524187052965,-133.68634,72.005165,-133.87308,70.467255,0.87680906
76,-134.02647,76.10571,-0.6485395286504564,0.7611809770204743,0.6095524187052965,-134.26599,72.652954,-134.42523,71.1153,0.86926734
77,-134.57863,76.75376,-0.6485395286504564,0.7611809770204743,0.6095524187052965,-134.8347,73.30144,-134.97739,71.76335,0.8625323
78,-135.13078,77.40181,-0.6485395286504564,0.7611809770204743,0.6095524187052965,-135.39532,73.94978,-135.52954,72.4114,0.8571177
79,-135.68294,78.04986,-0.6485395286504564,0.7611809770204743,0.6095524187052965,-135.95038,74.59765,-136.0817,73.05945,0.8531202
80,-136.23509,78.69791,-0.6485395286504564,0.7611809770204743,0.6095524187052965,-136.5018,75.24498,-136.63385,73.7075,0.85035527
81,-136.78725,79.345955,-0.6485395286504564,0.7611809770204743,0.6095524187052965,-137.051,75.891846,-137.186,74.355545,0.84855753
82,-137.3394,79.994,-0.6485395286504564,0.7611809770204743,0.6095524187052965,-137.59888,76.53837,-137.73816,75.00359,0.8474468
83,-137.89156,80.64205,-0.6485395286504564,0.7611809770204743,0.6095524187052965,-138.14604,77.184654,-138.29031,75.65164,0.84680283
84,-138.44371,81.2901,-0.6485395286504564,0.7611809770204743,0.6095524187052965,-138.69283,77.830795,-138.84247,76.29969,0.84644574
85,-138.99586,81.93815,-0.6485395286504564,0.7611809770204743,0.6095524187052965,-139.23943,78.47685,-139.39462,76.94774,0.8462634
86,-139.54802,82.5862,-0.6485395286504564,0.7611809770204743,0.6095524187052965,-139.78593,79.12286,-139.94678,77.59579,0.84616935
87,-140.10017,83.234245,-0.6485395286504564,0.7611809770204743,0.6095524187052965,-140.3324,79.768845,-140.49893,78.243835,0.8461165
88,-140.65233,83.88229,-0.6485395286504564,0.7611809770204743,0.6095524187052965,-140.87883,80.4148,-141.05109,78.891884,0.8460793
89,-141.20448,84.53034,-0.6485395286504564,0.7611809770204743,0.6095524187052965,-141.42528,81.06074,-141.60324,79.53993,0.84607166
90,-141.75664,85.17839,-0.6485395286504564,0.7611809770204743,0.6095524187052965,-141.97174,81.70664,-142.1554,80.18798,0.8460582
91,-142.30879,85.82644,-0.6485395286504564,0.7611809770204743,0.6095524187052965,-142.51823,82.35251,-142.70755,80.83603,0.84604883
92,-142.86095,86.47449,-0.6485395286504564,0.7611809770204743,0.6095524187052965,-143.06477,82.99834,-143.2597,81.48408,0.84604925
93,-143.4131,87.122536,-0.6485395286504564,0.7611809770204743,0.6095524187052965,-143.61137,83.6441,-143.81186,82.132126,0.8460363
94,-143.96526,87.770584,-0.6485395286504564,0.7611809770204743,0.6095524187052965,-144.15807,84.28977,-144.36401,82.780174,0.84603137
95,-144.51741,88.41863,-0.6485395286504564,0.7611809770204743,0.6095524187052965,-144.70491,84.93533,-144.91617,83.42822,0.84604263
96,-145.06956,89.06668,-0.6485395286504564,0.7611809770204743,0.6095524187052965,-145.25195,85.58074,-145.46832,84.07627,0.84605443
97,-145.62172,89.71473,-0.6485395286504564,0.7611809770204743,0.6095524187052965,-145.79929,86.225914,-146.02048,84.72432,0.8460616
98,-145.61012,89.2321,0.024031705258930555,-0.9997111968675494,0.482487888090716,-146.34705,86.87078,-142.15622,92.85615,0.84610546
99,-145.59853,88.74947,0.024031705258930555,-0.9997111968675494,0.482487888090716,-146.58061,86.89186,-142.14462,92.37352,0.23451562
0,-145.58693,88.266846,0.024031705258930555,-0.9997111968675494,0.482487888090716,-146.81322,86.9137,-142.13303,91.89089,0.2336276
0,-145.57533,87.78422,0.024031705258930555,-0.9997111968675494,0.482487888090716,-147.04456,86.9366,-142.12143,91.408264,0.2324695
1,-145.56374,87.30159,0.024031705258930555,-0.9997111968675494,0.482487888090716,-147.2739,86.961235,-142.10983,90.92564,0.23065895
2,-145.55214,86.81896,0.024031705258930555,-0.9997111968675494,0.482487888090716,-147.49977,86.98885,-142.09824,90.44301,0.22755808
3,-145.54054,86.336334,0.024031705258930555,-0.9997111968675494,0.482487888090716,-147.71968,87.021515,-142.08664,89.96038,0.22232191
4,-145.52895,85.85371,0.024031705258930555,-0.9997111968675494,0.482487888090716,-147.9298,87.06219,-142.07504,89.47775,0.21401386
5,-145.51735,85.37108,0.024031705258930555,-0.9997111968675494,0.482487888090716,-148.12471,87.1146,-142.06345,88.995125,0.20183998
6,-145.50575,84.88845,0.024031705258930555,-0.9997111968675494,0.482487888090716,-148.29727,87.182526,-142.05185,88.5125,0.1854488
7,-145.49416,84.40582,0.024031705258930555,-0.9997111968675494,0.482487888090716,-148.4388,87.26781,-142.04025,88.02987,0.16523412
8,-145.48256,83.923195,0.024031705258930555,-0.9997111968675494,0.482487888090716,-148.53966,87.36597,-142.02866,87.54724,0.14074162
9,-145.47096,83.44057,0.024031705258930555,-0.9997111968675494,0.482487888090716,-148.59048,87.458694,-142.01706,87.06461,0.10574406
10,-145.45937,82.95794,0.024031705258930555,-0.9997111968675494,0.482487888090716,-148.58405,87.506096,-142.00546,86.581985,0.04783679
11,-145.44777,82.47531,0.024031705258930555,-0.9997111968675494,0.482487888090716,-148.51884,87.45296,-141.99387,86.09936,0.08411224
12,-145.43617,81.99268,0.024031705258930555,-0.9997111968675494,0.482487888090716,-148.40317,87.261795,-141.98227,85.61673,0.223437
13,-145.42458,81.510056,0.024031705258930555,-0.9997111968675494,0.482487888090716,-148.25365,86.93821,-141.97067,85.1341,0.35646048
14,-145.41298,81.02743,0.024031705258930555,-0.9997111968675494,0.482487888090716,-148.088,86.51328,-141.95908,84.651474,0.4560729
15,-145.40138,80.5448,0.024031705258930555,-0.9997111968675494,0.482487888090716,-147.91985,86.01884,-141.94748,84.168846,0.5222563
16,-145.38979,80.06217,0.024031705258930555,-0.9997111968675494,0.482487888090716,-147.75807,85.47952,-141.93588,83.68622,0.56305474
17,-145.37819,79.579544,0.024031705258930555,-0.9997111968675494,0.482487888090716,-147.60788,84.91326,-141.92429,83.20359,0.5858409
18,-145.3666,79.09692,0.024031705258930555,-0.9997111968675494,0.482487888090716,-147.47191,84.33304,-141.91269,82.72096,0.5959421
19,-145.355,78.61429,0.024031705258930555,-0.9997111968675494,0.482487888090716,-147.35109,83.74822,-141.9011,82.238335,0.5971658
20,-145.3434,78.13166,0.024031705258930555,-0.9997111968675494,0.482487888090716,-147.24522,83.165474,-141.8895,81.75571,0.5922864
21,-145.3318,77.64903,0.024031705258930555,-0.9997111968675494,0.482487888090716,-147.15327,82.589424,-141.8779,81.27308,0.58334213
22,-145.3202,77.166405,0.024031705258930555,-0.9997111968675494,0.482487888090716,-147.0736,82.023224,-141.8663,80.79045,0.57177955
23,-145.30861,76.68378,0.024031705258930555,-0.9997111968675494,0.482487888090716,-147.00385,81.4693,-141.8547,80.30782,0.5582985
24,-145.29701,76.20115,0.024031705258930555,-0.9997111968675494,0.482487888090716,-146.9408,80.9302,-141.84311,79.825195,0.54277503
25,-145.28542,75.71852,0.024031705258930555,-0.9997111968675494,0.482487888090716,-146.87975,80.40923,-141.83151,79.34257,0.52453053
26,-145.27382,75.23589,0.024031705258930555,-0.9997111968675494,0.482487888090716,-146.81421,79.909706,-141.81992,78.85994,0.5038077
27,-145.26222,74.753265,0.024031705258930555,-0.9997111968675494,0.482487888090716,-146.73676,79.43104,-141.80832,78.37731,0.48489413
28,-145.25063,74.27064,0.024031705258930555,-0.9997111968675494,0.482487888090716,-146.64175,78.96408,-141.79672,77.894684,0.47652298
